url_path,views_total,views_unique
/ErnakovichLab/dada2_ernakovichlab,36,27
/ErnakovichLab/dada2_ernakovichlab/blob/main/README.md,7,1
/ErnakovichLab/dada2_ernakovichlab/tree/main,5,4
/ErnakovichLab/dada2_ernakovichlab/tree/main/slurm,2,2
/ErnakovichLab/dada2_ernakovichlab/edit/main/README.md,2,1
/ErnakovichLab/dada2_ernakovichlab/blame/main/README.md,1,1
/ErnakovichLab/dada2_ernakovichlab/blob/main/slurm/00_setup_dada2_tutorial_16S.slurm,1,1
/ErnakovichLab/dada2_ernakovichlab/commit/7ac4ca233fbf7374978bf9dca16915643982dd59,1,1
/ErnakovichLab/dada2_ernakovichlab/commits/main/README.md,1,1
/ErnakovichLab/dada2_ernakovichlab/tree/main/R,1,1
